Start_Date,End_Date,Init_Flooded_Area_SqKM,Flooded_Difference_SqKM,Flooded_Area_SqKM
2024-07-06,2024-07-06,749.06,405.97,1155.03
2024-07-06,2024-07-08,749.06,405.97,1155.03
2024-07-06,2024-07-11,749.06,405.97,1155.03
2024-07-06,2024-07-12,749.06,405.97,1155.03
2024-07-06,2024-07-13,749.06,405.97,1155.03
2024-07-06,2024-07-17,749.06,405.97,1155.03
2024-07-06,2024-07-18,749.06,405.97,1155.03
2024-07-06,2024-07-25,749.06,405.97,1155.03
2024-07-06,2024-07-27,749.06,405.97,1155.03
2024-07-06,2024-07-29,749.06,405.97,1155.03
2024-07-06,2024-07-30,749.06,405.97,1155.03
2024-07-06,2024-08-01,749.06,405.97,1155.03
2024-07-06,2024-08-04,749.06,405.97,1155.03
2024-07-06,2024-08-10,749.06,405.97,1155.03
2024-07-06,2024-08-11,749.06,405.97,1155.03
2024-07-06,2024-08-13,749.06,405.97,1155.03
2024-07-06,2024-08-15,749.06,405.97,1155.03
2024-07-06,2024-08-16,749.06,405.97,1155.03
2024-07-06,2024-08-17,749.06,405.97,1155.03
2024-07-06,2024-08-18,749.06,405.97,1155.03
2024-07-06,2024-08-22,749.06,405.97,1155.03
2024-07-06,2024-08-23,749.06,405.97,1155.03
2024-07-06,2024-08-25,749.06,405.97,1155.03
2024-07-06,2024-08-27,749.06,405.97,1155.03
2024-07-06,2024-08-28,749.06,405.97,1155.03
2024-07-06,2024-08-29,749.06,405.97,1155.03
2024-07-06,2024-08-30,749.06,405.97,1155.03
2024-07-06,2024-09-04,749.06,405.97,1155.03
2024-07-06,2024-09-06,749.06,405.97,1155.03
2024-07-06,2024-09-08,749.06,405.97,1155.03
2024-07-06,2024-09-09,749.06,405.97,1155.03
2024-07-06,2024-09-11,749.06,405.97,1155.03
2024-07-06,2024-09-15,749.06,405.97,1155.03
2024-07-06,2024-09-16,749.06,405.97,1155.03
2024-07-06,2024-09-18,749.06,405.97,1155.03
2024-07-06,2024-09-20,749.06,405.97,1155.03
2024-07-06,2024-09-21,749.06,405.97,1155.03
2024-07-06,2024-09-22,749.06,405.97,1155.03
2024-07-06,2024-09-23,749.06,405.97,1155.03
2024-07-06,2024-09-27,749.06,405.97,1155.03
2024-07-06,2024-09-28,749.06,405.97,1155.03
2024-07-06,2024-09-30,749.06,405.97,1155.03
2024-07-06,2024-10-22,749.06,405.97,1155.03
2024-07-06,2024-10-24,749.06,405.97,1155.03
2024-07-06,2024-10-26,749.06,405.97,1155.03
2024-07-06,2024-10-27,749.06,405.97,1155.03
2024-07-06,2024-10-29,749.06,405.97,1155.03
2024-07-18,2024-07-18,720.22,386.0,1106.22
2024-07-18,2024-07-25,720.22,386.0,1106.22
2024-07-18,2024-07-27,720.22,386.0,1106.22
2024-07-18,2024-07-29,720.22,386.0,1106.22
2024-07-18,2024-07-30,720.22,386.0,1106.22
2024-07-18,2024-08-01,720.22,386.0,1106.22
2024-07-18,2024-08-04,720.22,386.0,1106.22
2024-07-18,2024-08-10,720.22,386.0,1106.22
2024-07-18,2024-08-11,720.22,386.0,1106.22
2024-07-18,2024-08-13,720.22,386.0,1106.22
2024-07-18,2024-08-15,720.22,386.0,1106.22
2024-07-18,2024-08-16,720.22,386.0,1106.22
2024-07-18,2024-08-17,720.22,386.0,1106.22
2024-07-18,2024-08-18,720.22,386.0,1106.22
2024-07-18,2024-08-22,720.22,386.0,1106.22
2024-07-18,2024-08-23,720.22,386.0,1106.22
2024-07-18,2024-08-25,720.22,386.0,1106.22
2024-07-18,2024-08-27,720.22,386.0,1106.22
2024-07-18,2024-08-28,720.22,386.0,1106.22
2024-07-18,2024-08-29,720.22,386.0,1106.22
2024-07-18,2024-08-30,720.22,386.0,1106.22
2024-07-18,2024-09-04,720.22,386.0,1106.22
2024-07-18,2024-09-06,720.22,386.0,1106.22
2024-07-18,2024-09-08,720.22,386.0,1106.22
2024-07-18,2024-09-09,720.22,386.0,1106.22
2024-07-18,2024-09-11,720.22,386.0,1106.22
2024-07-18,2024-09-15,720.22,386.0,1106.22
2024-07-18,2024-09-16,720.22,386.0,1106.22
2024-07-18,2024-09-18,720.22,386.0,1106.22
2024-07-18,2024-09-20,720.22,386.0,1106.22
2024-07-18,2024-09-21,720.22,386.0,1106.22
2024-07-18,2024-09-22,720.22,386.0,1106.22
2024-07-18,2024-09-23,720.22,386.0,1106.22
2024-07-18,2024-09-27,720.22,386.0,1106.22
2024-07-18,2024-09-28,720.22,386.0,1106.22
2024-07-18,2024-09-30,720.22,386.0,1106.22
2024-07-18,2024-10-22,720.22,386.0,1106.22
2024-07-18,2024-10-24,720.22,386.0,1106.22
2024-07-18,2024-10-26,720.22,386.0,1106.22
2024-07-18,2024-10-27,720.22,386.0,1106.22
2024-07-18,2024-10-29,720.22,386.0,1106.22
2024-07-27,2024-07-27,834.59,171.51999999999998,1006.11
2024-07-27,2024-07-29,834.59,171.51999999999998,1006.11
2024-07-27,2024-07-30,834.59,171.51999999999998,1006.11
2024-07-27,2024-08-01,834.59,171.51999999999998,1006.11
2024-07-27,2024-08-04,834.59,171.51999999999998,1006.11
2024-07-27,2024-08-10,834.59,171.51999999999998,1006.11
2024-07-27,2024-08-11,834.59,171.51999999999998,1006.11
2024-07-27,2024-08-13,834.59,171.51999999999998,1006.11
2024-07-27,2024-08-15,834.59,171.51999999999998,1006.11
2024-07-27,2024-08-16,834.59,171.51999999999998,1006.11
2024-07-27,2024-08-17,834.59,171.51999999999998,1006.11
2024-07-27,2024-08-18,834.59,171.51999999999998,1006.11
2024-07-27,2024-08-22,834.59,171.51999999999998,1006.11
2024-07-27,2024-08-23,834.59,171.51999999999998,1006.11
2024-07-27,2024-08-25,834.59,171.51999999999998,1006.11
2024-07-27,2024-08-27,834.59,171.51999999999998,1006.11
2024-07-27,2024-08-28,834.59,171.51999999999998,1006.11
2024-07-27,2024-08-29,834.59,171.51999999999998,1006.11
2024-07-27,2024-08-30,834.59,171.51999999999998,1006.11
2024-07-27,2024-09-04,834.59,171.51999999999998,1006.11
2024-07-27,2024-09-06,834.59,171.51999999999998,1006.11
2024-07-27,2024-09-08,834.59,171.51999999999998,1006.11
2024-07-27,2024-09-09,834.59,171.51999999999998,1006.11
2024-07-27,2024-09-11,834.59,171.51999999999998,1006.11
2024-07-27,2024-09-15,834.59,171.51999999999998,1006.11
2024-07-27,2024-09-16,834.59,171.51999999999998,1006.11
2024-07-27,2024-09-18,834.59,171.51999999999998,1006.11
2024-07-27,2024-09-20,834.59,171.51999999999998,1006.11
2024-07-27,2024-09-21,834.59,171.51999999999998,1006.11
2024-07-27,2024-09-22,834.59,171.51999999999998,1006.11
2024-07-27,2024-09-23,834.59,171.51999999999998,1006.11
2024-07-27,2024-09-27,834.59,171.51999999999998,1006.11
2024-07-27,2024-09-28,834.59,171.51999999999998,1006.11
2024-07-27,2024-09-30,834.59,171.51999999999998,1006.11
2024-07-27,2024-10-22,834.59,171.51999999999998,1006.11
2024-07-27,2024-10-24,834.59,171.51999999999998,1006.11
2024-07-27,2024-10-26,834.59,171.51999999999998,1006.11
2024-07-27,2024-10-27,834.59,171.51999999999998,1006.11
2024-07-27,2024-10-29,834.59,171.51999999999998,1006.11
2024-07-30,2024-07-30,533.14,194.19000000000005,727.33
2024-07-30,2024-08-01,533.14,194.19000000000005,727.33
2024-07-30,2024-08-04,533.14,194.19000000000005,727.33
2024-07-30,2024-08-10,533.14,194.19000000000005,727.33
2024-07-30,2024-08-11,533.14,194.19000000000005,727.33
2024-07-30,2024-08-13,533.14,194.19000000000005,727.33
2024-07-30,2024-08-15,533.14,194.19000000000005,727.33
2024-07-30,2024-08-16,533.14,194.19000000000005,727.33
2024-07-30,2024-08-17,533.14,194.19000000000005,727.33
2024-07-30,2024-08-18,533.14,194.19000000000005,727.33
2024-07-30,2024-08-22,533.14,194.19000000000005,727.33
2024-07-30,2024-08-23,533.14,194.19000000000005,727.33
2024-07-30,2024-08-25,533.14,194.19000000000005,727.33
2024-07-30,2024-08-27,533.14,194.19000000000005,727.33
2024-07-30,2024-08-28,533.14,194.19000000000005,727.33
2024-07-30,2024-08-29,533.14,194.19000000000005,727.33
2024-07-30,2024-08-30,533.14,194.19000000000005,727.33
2024-07-30,2024-09-04,533.14,194.19000000000005,727.33
2024-07-30,2024-09-06,533.14,194.19000000000005,727.33
2024-07-30,2024-09-08,533.14,194.19000000000005,727.33
2024-07-30,2024-09-09,533.14,194.19000000000005,727.33
2024-07-30,2024-09-11,533.14,194.19000000000005,727.33
2024-07-30,2024-09-15,533.14,194.19000000000005,727.33
2024-07-30,2024-09-16,533.14,194.19000000000005,727.33
2024-07-30,2024-09-18,533.14,194.19000000000005,727.33
2024-07-30,2024-09-20,533.14,194.19000000000005,727.33
2024-07-30,2024-09-21,533.14,194.19000000000005,727.33
2024-07-30,2024-09-22,533.14,194.19000000000005,727.33
2024-07-30,2024-09-23,533.14,194.19000000000005,727.33
2024-07-30,2024-09-27,533.14,194.19000000000005,727.33
2024-07-30,2024-09-28,533.14,194.19000000000005,727.33
2024-07-30,2024-09-30,533.14,194.19000000000005,727.33
2024-07-30,2024-10-22,533.14,194.19000000000005,727.33
2024-07-30,2024-10-24,533.14,194.19000000000005,727.33
2024-07-30,2024-10-26,533.14,194.19000000000005,727.33
2024-07-30,2024-10-27,533.14,194.19000000000005,727.33
2024-07-30,2024-10-29,533.14,194.19000000000005,727.33
2024-08-11,2024-08-11,156.58,268.25,424.83
2024-08-11,2024-08-13,156.58,268.25,424.83
2024-08-11,2024-08-15,156.58,268.25,424.83
2024-08-11,2024-08-16,156.58,268.25,424.83
2024-08-11,2024-08-17,156.58,268.25,424.83
2024-08-11,2024-08-18,156.58,268.25,424.83
2024-08-11,2024-08-22,156.58,268.25,424.83
2024-08-11,2024-08-23,156.58,268.25,424.83
2024-08-11,2024-08-25,156.58,268.25,424.83
2024-08-11,2024-08-27,156.58,268.25,424.83
2024-08-11,2024-08-28,156.58,268.25,424.83
2024-08-11,2024-08-29,156.58,268.25,424.83
2024-08-11,2024-08-30,156.58,268.25,424.83
2024-08-11,2024-09-04,156.58,268.25,424.83
2024-08-11,2024-09-06,156.58,268.25,424.83
2024-08-11,2024-09-08,156.58,268.25,424.83
2024-08-11,2024-09-09,156.58,268.25,424.83
2024-08-11,2024-09-11,156.58,268.25,424.83
2024-08-11,2024-09-15,156.58,268.25,424.83
2024-08-11,2024-09-16,156.58,268.25,424.83
2024-08-11,2024-09-18,156.58,268.25,424.83
2024-08-11,2024-09-20,156.58,268.25,424.83
2024-08-11,2024-09-21,156.58,268.25,424.83
2024-08-11,2024-09-22,156.58,268.25,424.83
2024-08-11,2024-09-23,156.58,268.25,424.83
2024-08-11,2024-09-27,156.58,268.25,424.83
2024-08-11,2024-09-28,156.58,268.25,424.83
2024-08-11,2024-09-30,156.58,268.25,424.83
2024-08-11,2024-10-22,156.58,268.25,424.83
2024-08-11,2024-10-24,156.58,268.25,424.83
2024-08-11,2024-10-26,156.58,268.25,424.83
2024-08-11,2024-10-27,156.58,268.25,424.83
2024-08-11,2024-10-29,156.58,268.25,424.83
2024-08-15,2024-08-15,32.61,351.28999999999996,383.9
2024-08-15,2024-08-16,32.61,351.28999999999996,383.9
2024-08-15,2024-08-17,32.61,351.28999999999996,383.9
2024-08-15,2024-08-18,32.61,351.28999999999996,383.9
2024-08-15,2024-08-22,32.61,351.28999999999996,383.9
2024-08-15,2024-08-23,32.61,351.28999999999996,383.9
2024-08-15,2024-08-25,32.61,351.28999999999996,383.9
2024-08-15,2024-08-27,32.61,351.28999999999996,383.9
2024-08-15,2024-08-28,32.61,351.28999999999996,383.9
2024-08-15,2024-08-29,32.61,351.28999999999996,383.9
2024-08-15,2024-08-30,32.61,351.28999999999996,383.9
2024-08-15,2024-09-04,32.61,351.28999999999996,383.9
2024-08-15,2024-09-06,32.61,351.28999999999996,383.9
2024-08-15,2024-09-08,32.61,351.28999999999996,383.9
2024-08-15,2024-09-09,32.61,351.28999999999996,383.9
2024-08-15,2024-09-11,32.61,351.28999999999996,383.9
2024-08-15,2024-09-15,32.61,351.28999999999996,383.9
2024-08-15,2024-09-16,32.61,351.28999999999996,383.9
2024-08-15,2024-09-18,32.61,351.28999999999996,383.9
2024-08-15,2024-09-20,32.61,351.28999999999996,383.9
2024-08-15,2024-09-21,32.61,351.28999999999996,383.9
2024-08-15,2024-09-22,32.61,351.28999999999996,383.9
2024-08-15,2024-09-23,32.61,351.28999999999996,383.9
2024-08-15,2024-09-27,32.61,351.28999999999996,383.9
2024-08-15,2024-09-28,32.61,351.28999999999996,383.9
2024-08-15,2024-09-30,32.61,351.28999999999996,383.9
2024-08-15,2024-10-22,32.61,351.28999999999996,383.9
2024-08-15,2024-10-24,32.61,351.28999999999996,383.9
2024-08-15,2024-10-26,32.61,351.28999999999996,383.9
2024-08-15,2024-10-27,32.61,351.28999999999996,383.9
2024-08-15,2024-10-29,32.61,351.28999999999996,383.9
2024-08-23,2024-08-23,327.94,45.839999999999975,373.78
2024-08-23,2024-08-25,327.94,45.839999999999975,373.78
2024-08-23,2024-08-27,327.94,45.839999999999975,373.78
2024-08-23,2024-08-28,327.94,45.839999999999975,373.78
2024-08-23,2024-08-29,327.94,45.839999999999975,373.78
2024-08-23,2024-08-30,327.94,45.839999999999975,373.78
2024-08-23,2024-09-04,327.94,45.839999999999975,373.78
2024-08-23,2024-09-06,327.94,45.839999999999975,373.78
2024-08-23,2024-09-08,327.94,45.839999999999975,373.78
2024-08-23,2024-09-09,327.94,45.839999999999975,373.78
2024-08-23,2024-09-11,327.94,45.839999999999975,373.78
2024-08-23,2024-09-15,327.94,45.839999999999975,373.78
2024-08-23,2024-09-16,327.94,45.839999999999975,373.78
2024-08-23,2024-09-18,327.94,45.839999999999975,373.78
2024-08-23,2024-09-20,327.94,45.839999999999975,373.78
2024-08-23,2024-09-21,327.94,45.839999999999975,373.78
2024-08-23,2024-09-22,327.94,45.839999999999975,373.78
2024-08-23,2024-09-23,327.94,45.839999999999975,373.78
2024-08-23,2024-09-27,327.94,45.839999999999975,373.78
2024-08-23,2024-09-28,327.94,45.839999999999975,373.78
2024-08-23,2024-09-30,327.94,45.839999999999975,373.78
2024-08-23,2024-10-22,327.94,45.839999999999975,373.78
2024-08-23,2024-10-24,327.94,45.839999999999975,373.78
2024-08-23,2024-10-26,327.94,45.839999999999975,373.78
2024-08-23,2024-10-27,327.94,45.839999999999975,373.78
2024-08-23,2024-10-29,327.94,45.839999999999975,373.78
2024-08-27,2024-08-27,20.71,79.93,100.64
2024-08-27,2024-08-28,20.71,79.93,100.64
2024-08-27,2024-08-29,20.71,79.93,100.64
2024-08-27,2024-08-30,20.71,79.93,100.64
2024-08-27,2024-09-04,20.71,79.93,100.64
2024-08-27,2024-09-06,20.71,79.93,100.64
2024-08-27,2024-09-08,20.71,79.93,100.64
2024-08-27,2024-09-09,20.71,79.93,100.64
2024-08-27,2024-09-11,20.71,79.93,100.64
2024-08-27,2024-09-15,20.71,79.93,100.64
2024-08-27,2024-09-16,20.71,79.93,100.64
2024-08-27,2024-09-18,20.71,79.93,100.64
2024-08-27,2024-09-20,20.71,79.93,100.64
2024-08-27,2024-09-21,20.71,79.93,100.64
2024-08-27,2024-09-22,20.71,79.93,100.64
2024-08-27,2024-09-23,20.71,79.93,100.64
2024-08-27,2024-09-27,20.71,79.93,100.64
2024-08-27,2024-09-28,20.71,79.93,100.64
2024-08-27,2024-09-30,20.71,79.93,100.64
2024-08-27,2024-10-22,20.71,79.93,100.64
2024-08-27,2024-10-24,20.71,79.93,100.64
2024-08-27,2024-10-26,20.71,79.93,100.64
2024-08-27,2024-10-27,20.71,79.93,100.64
2024-08-27,2024-10-29,20.71,79.93,100.64
2024-09-04,2024-09-04,49.96,46.300000000000004,96.26
2024-09-04,2024-09-06,49.96,46.300000000000004,96.26
2024-09-04,2024-09-08,49.96,46.300000000000004,96.26
2024-09-04,2024-09-09,49.96,46.300000000000004,96.26
2024-09-04,2024-09-11,49.96,46.300000000000004,96.26
2024-09-04,2024-09-15,49.96,46.300000000000004,96.26
2024-09-04,2024-09-16,49.96,46.300000000000004,96.26
2024-09-04,2024-09-18,49.96,46.300000000000004,96.26
2024-09-04,2024-09-20,49.96,46.300000000000004,96.26
2024-09-04,2024-09-21,49.96,46.300000000000004,96.26
2024-09-04,2024-09-22,49.96,46.300000000000004,96.26
2024-09-04,2024-09-23,49.96,46.300000000000004,96.26
2024-09-04,2024-09-27,49.96,46.300000000000004,96.26
2024-09-04,2024-09-28,49.96,46.300000000000004,96.26
2024-09-04,2024-09-30,49.96,46.300000000000004,96.26
2024-09-04,2024-10-22,49.96,46.300000000000004,96.26
2024-09-04,2024-10-24,49.96,46.300000000000004,96.26
2024-09-04,2024-10-26,49.96,46.300000000000004,96.26
2024-09-04,2024-10-27,49.96,46.300000000000004,96.26
2024-09-04,2024-10-29,49.96,46.300000000000004,96.26
2024-09-08,2024-09-08,31.78,36.11,67.89
2024-09-08,2024-09-09,31.78,36.11,67.89
2024-09-08,2024-09-11,31.78,36.11,67.89
2024-09-08,2024-09-15,31.78,36.11,67.89
2024-09-08,2024-09-16,31.78,36.11,67.89
2024-09-08,2024-09-18,31.78,36.11,67.89
2024-09-08,2024-09-20,31.78,36.11,67.89
2024-09-08,2024-09-21,31.78,36.11,67.89
2024-09-08,2024-09-22,31.78,36.11,67.89
2024-09-08,2024-09-23,31.78,36.11,67.89
2024-09-08,2024-09-27,31.78,36.11,67.89
2024-09-08,2024-09-28,31.78,36.11,67.89
2024-09-08,2024-09-30,31.78,36.11,67.89
2024-09-08,2024-10-22,31.78,36.11,67.89
2024-09-08,2024-10-24,31.78,36.11,67.89
2024-09-08,2024-10-26,31.78,36.11,67.89
2024-09-08,2024-10-27,31.78,36.11,67.89
2024-09-08,2024-10-29,31.78,36.11,67.89
2024-09-16,2024-09-16,15.01,36.75,51.76
2024-09-16,2024-09-18,15.01,36.75,51.76
2024-09-16,2024-09-20,15.01,36.75,51.76
2024-09-16,2024-09-21,15.01,36.75,51.76
2024-09-16,2024-09-22,15.01,36.75,51.76
2024-09-16,2024-09-23,15.01,36.75,51.76
2024-09-16,2024-09-27,15.01,36.75,51.76
2024-09-16,2024-09-28,15.01,36.75,51.76
2024-09-16,2024-09-30,15.01,36.75,51.76
2024-09-16,2024-10-22,15.01,36.75,51.76
2024-09-16,2024-10-24,15.01,36.75,51.76
2024-09-16,2024-10-26,15.01,36.75,51.76
2024-09-16,2024-10-27,15.01,36.75,51.76
2024-09-16,2024-10-29,15.01,36.75,51.76
2024-09-20,2024-09-20,21.06,25.290000000000003,46.35
2024-09-20,2024-09-21,21.06,25.290000000000003,46.35
2024-09-20,2024-09-22,21.06,25.290000000000003,46.35
2024-09-20,2024-09-23,21.06,25.290000000000003,46.35
2024-09-20,2024-09-27,21.06,25.290000000000003,46.35
2024-09-20,2024-09-28,21.06,25.290000000000003,46.35
2024-09-20,2024-09-30,21.06,25.290000000000003,46.35
2024-09-20,2024-10-22,21.06,25.290000000000003,46.35
2024-09-20,2024-10-24,21.06,25.290000000000003,46.35
2024-09-20,2024-10-26,21.06,25.290000000000003,46.35
2024-09-20,2024-10-27,21.06,25.290000000000003,46.35
2024-09-20,2024-10-29,21.06,25.290000000000003,46.35
2024-09-28,2024-09-28,12.69,22.120000000000005,34.81
2024-09-28,2024-09-30,12.69,22.120000000000005,34.81
2024-09-28,2024-10-22,12.69,22.120000000000005,34.81
2024-09-28,2024-10-24,12.69,22.120000000000005,34.81
2024-09-28,2024-10-26,12.69,22.120000000000005,34.81
2024-09-28,2024-10-27,12.69,22.120000000000005,34.81
2024-09-28,2024-10-29,12.69,22.120000000000005,34.81
2024-10-22,2024-10-22,23.92,6.579999999999998,30.5
2024-10-22,2024-10-24,23.92,6.579999999999998,30.5
2024-10-22,2024-10-26,23.92,6.579999999999998,30.5
2024-10-22,2024-10-27,23.92,6.579999999999998,30.5
2024-10-22,2024-10-29,23.92,6.579999999999998,30.5
2024-10-26,2024-10-26,12.41,0.0,12.41
2024-10-26,2024-10-27,12.41,0.0,12.41
2024-10-26,2024-10-29,12.41,0.0,12.41
